"ID","Place","Information last checked","Next review","Status","Review source","Review type","Last research attempt","Follow-up note"
"venue-01","Kojohama Cafe","","","Direct confirmation needed","https://www.instagram.com/kojohamacafe/","Unconfirmed","2026-10-10","Tourism weekday listings differ from the old schedule; current operator calendar needs confirmation."
"venue-02","Ayoro Onsen cafeteria","2026-10-10","2027-01-08","Within review interval","https://ayorospa.com/fee/","Published hours","",""
"venue-03","Shokujidokoro Ikeda","2026-10-10","2027-01-08","Within review interval","https://shiraoi.net/gourmet/robataikeda/","Published hours","2026-10-10","Published official hours; reconfirm temporary changes before travel."
"venue-04","Yu Gelato","2026-10-10","2027-01-08","Within review interval","https://shiraoi.net/gourmet/ゆジェラート/","Published hours","",""
"venue-05","Tacchan Shokudo","2026-10-10","2027-01-08","Within review interval","https://tacchan-shokudo.com/print/","Published hours","",""
"venue-06","Akebono","2026-10-10","2027-01-08","Within review interval","https://shiraoi.net/information/火曜日営業しているお店/","Published hours","2026-10-10","Published official hours; reconfirm temporary changes before travel."
"venue-07","Tarakoya Kojohama","2026-10-10","2027-01-08","Within review interval","https://kojohama.shop-pro.jp/?mode=f5","Published hours","",""
"venue-08","Yamamoto Trout Farm","2026-10-10","2027-01-08","Within review interval","https://shiraoi.net/play/yamamoto-yosonjo/","Published hours","2026-10-10","Published official hours; reconfirm temporary changes before travel."
"venue-09","Hikaru Umi","2026-10-10","2027-01-08","Within review interval","https://hikaruumi-shiraoi.com/print/","Published hours","2026-10-10","Published official hours; reconfirm temporary changes before travel."
"venue-10","Sobakiri Yamada","2026-10-10","2027-01-08","Within review interval","https://shiraoi.net/gourmet/soba-yamada/","Published hours","2026-10-10","Supporting source: https://ainu-upopoy.go.jp/gourmet/shop/shiraoi17.html"
"venue-11","Tonton diner","","","Direct confirmation needed","https://tabelog.com/hokkaido/A0108/A010802/1016351/","Unconfirmed","2026-10-10","No current official schedule found; third-party hours conflict with the old guide."
"venue-12","Ramen Sakuraya","","","Direct confirmation needed","https://map.yahoo.co.jp/v3/place/tLbyQRev1I-","Unconfirmed","2026-10-10","Yahoo and Tabelog closing times conflict; no current operator schedule established."
"venue-13","Kita no Lamp Tei","2026-10-10","2027-01-08","Within review interval","https://shiraoi.net/gourmet/lamp-tei/","Published hours","2026-10-10","Published official hours; reconfirm temporary changes before travel."
"venue-14","Kani-o","2026-10-10","2027-01-08","Within review interval","https://shiraoi.net/buy/kani-o/","Published hours","2026-10-10","Published official hours; reconfirm temporary changes before travel."
"venue-15","Nachu no Mori Smile cafeteria","2026-10-10","2027-01-08","Within review interval","https://nachunomori.jp/restaurant","Published hours","",""
"venue-16","Distill Cafe","2026-10-10","2027-01-08","Within review interval","https://nachunomori.jp/restaurant","Published hours","",""
"venue-17","Restaurant Cowbell","2026-10-10","2027-01-08","Within review interval","https://shiraoi-cowbell.com/","Published hours","2026-10-10","Published official hours; reconfirm temporary changes before travel."
"venue-18","Iwasaki Omotenashi-tei","2026-10-10","2027-01-08","Within review interval","https://omotenashi-tei.com/","Published hours","2026-10-10","Published official hours; reconfirm temporary changes before travel."
"venue-19","Aji no Daio honke","2026-10-10","2027-01-08","Within review interval","https://www.curryramen.com/about.html","Published hours","2026-10-10","Published official hours; reconfirm temporary changes before travel."
"venue-20","Date Okina","","","Direct confirmation needed","https://okina-daruma.com/group/201403171738_15","Unconfirmed","2026-10-10","Official group page does not publish hours; third-party listings do not resolve verification."
"venue-21","Gelateria Mina Pieno","2026-10-10","2027-01-08","Within review interval","https://shiraoi.net/gourmet/gelateria-mina-pieno（ジェラテリア-ミナピエノ）/","Published hours","2026-10-10","Supporting source: https://minapieno2023626.jp/"
"venue-22","Ayoro Onsen","2026-10-10","2027-01-08","Within review interval","https://ayorospa.com/fee/","Published hours","",""
"venue-23","Hotel Izumi (day bath)","2026-10-10","2027-01-08","Within review interval","https://hotel-izumi.webnode.jp/源泉掛け流し温泉/","Published hours","2026-10-10","Published official hours; reconfirm temporary changes before travel."
"venue-24","Hana no Yu Onsen","2026-10-10","2027-01-08","Within review interval","https://onsen.shiraoi.net/facility/facility000127/","Published hours","2026-10-10","Published official hours; reconfirm temporary changes before travel."
"venue-25","Hamachidori private baths","2026-10-10","2027-01-08","Within review interval","https://onsen.shiraoi.net/facility/facility000129/","Published hours","2026-10-10","Published official hours; reconfirm temporary changes before travel."
"venue-26","Kojohama Onsen Hotel","2026-10-10","2027-01-08","Within review interval","https://www.kojohama.net/daytrip/","Published hours","",""
"venue-27","Hotel Ocean (day bath)","2026-10-10","2027-01-08","Within review interval","https://onsen.shiraoi.net/facility/facility000106/","Published hours","2026-10-10","Published official hours; reconfirm temporary changes before travel."
"venue-28","Yumoto Hokuyo (day bath)","2026-10-10","2027-01-08","Within review interval","https://www.h-hokuyo.com/mb/onsen.html","Published hours","2026-10-10","Published official hours; reconfirm temporary changes before travel."
"venue-29","Sunrise shrine","","","Direct confirmation needed","https://www.google.com/maps/place/?q=place_id:ChIJ8eGPz2NkdV8RXdoOUXbNStA","Unconfirmed","2026-10-10","The generic shrine name needs a local identity check before an official page can be assigned."
"venue-30","Ayoro Beach & lighthouse","2026-10-10","2027-01-08","Within review interval","https://shiraoi.net/wp-content/uploads/2025/03/tourist_pamphlet_202503.pdf","Access information","2026-10-10","Replaced unsupported 24-hour claim; daylight is visitor advice, not a formal opening schedule."
"venue-31","Toy & Art Museum (Koshu Kitano)","","","Direct confirmation needed","https://www.htb.co.jp/news/archives_39750.html","Unconfirmed","2026-10-10","Recent on-site reporting, not operator confirmation; old Wednesday closure claim removed."
"venue-32","Nachu no Mori","2026-10-10","2027-01-08","Within review interval","https://nachunomori.jp/facilities","Published hours","",""
"venue-33","Noboribetsu Date Jidaimura","2026-10-10","2027-01-08","Within review interval","https://edo-trip.jp/faq/","Published hours","",""
"venue-34","Lake Kuttara","2026-10-10","2027-01-08","Within review interval","https://www.visit-hokkaido.jp/spot/detail_12253.html","Access information","2026-10-10","Typical season from official Hokkaido tourism; not a confirmation of exact 2026 closure dates."
"venue-35","Noboribetsu Marine Park NIXE","2026-10-10","2027-01-08","Within review interval","https://nixe-aqua.com/guide/","Published hours","",""
"venue-36","Noboribetsu Jigokudani (Hell Valley)","2026-10-10","2027-01-08","Within review interval","https://noboribetsu-spa.jp/spot/spot0034/","Access information","2026-10-10","Official destination confirmed; walking guidance is advice, not an opening-hours guarantee."
"venue-37","Upopoy National Ainu Museum and Park","2026-10-10","2027-01-08","Within review interval","https://ainu-upopoy.go.jp/guide/hours/","Published hours","",""
"venue-38","Lake Poroto","2026-10-10","2027-01-08","Within review interval","https://shiraoi.net/see/porotolake/","Access information","2026-10-10","No fixed lake opening hours established; do not copy tourism-office footer hours."
"venue-39","Sendai-han Shiraoi Jinya","2026-10-10","2027-01-08","Within review interval","https://www.town.shiraoi.hokkaido.jp/docs/page2020062800019.html","Published hours","2026-10-10","Published official hours; reconfirm temporary changes before travel."
"venue-40","Muroran factory night view & Hakucho Bridge","2026-10-10","2027-01-08","Within review interval","https://www.city.muroran.lg.jp/faq/detail.html?content=172","Access information","2026-10-10","Published official hours; reconfirm temporary changes before travel."
"venue-41","Lake Utonai","2026-10-10","2027-01-08","Within review interval","https://www.city.tomakomai.hokkaido.jp/shizen/sonotanoshisetsu/utonai/","Published hours","2026-10-10","Published official hours; reconfirm temporary changes before travel."
"venue-42","Kitakogane Shell Mound","2026-10-10","2027-01-08","Within review interval","https://www.city.date.hokkaido.jp/funkawan/detail/00003112.html","Published hours","",""
"venue-43","Cape Chikyu","2026-10-10","2027-01-08","Within review interval","https://www.city.muroran.lg.jp/administration/?content=1559","Access information","2026-10-10","Municipal parking notice; removed unsupported 24-hour opening claim."
"venue-44","Usu Zenkoji","2026-10-10","2027-01-08","Within review interval","https://www.usu-zenkoji.jp/treasure-museum/","Published hours","2026-10-10","Published official hours; reconfirm temporary changes before travel."
"venue-45","Tarako vending machine","","","Direct confirmation needed","https://kojohama.com/","Unconfirmed","2026-10-10","Operator identified, but this machine’s access hours were not published."
"venue-46","Tairyobanya Kojohama","2026-10-10","2027-01-08","Within review interval","https://shiraoi.net/buy/tairyobanya/","Published hours","2026-10-10","Published official hours; reconfirm temporary changes before travel."
"venue-47","Takemaru Shibuya Suisan (tarako)","2026-10-10","2027-01-08","Within review interval","https://shiraoi.net/buy/shibuyasuisan/","Published hours","2026-10-10","Published official hours; reconfirm temporary changes before travel."
"venue-48","Sakanaya Honpo (dried fish)","2026-10-10","2027-01-08","Within review interval","https://shiraoi.net/buy/kikyouhara/","Published hours","2026-10-10","Published official hours; reconfirm temporary changes before travel."
"venue-49","Kojohama Kanbara","2026-10-10","2027-01-08","Within review interval","https://shiraoi.net/buy/虎杖浜たらこのかんばら/","Published hours","2026-10-10","Published official hours; reconfirm temporary changes before travel."
"venue-50","Kikyohara Farm (shiitake)","","","Direct confirmation needed","https://shiraoi.net/buy/kikyouhara_nouen/","Unconfirmed","2026-10-10","Tourism sources publish conflicting summer/winter hours."
"venue-51","Antique Shop Route 36","","","Direct confirmation needed","https://www.antique36gosen.com/","Unconfirmed","2026-10-10","Current operator site lists Sapporo; Shiraoi branch status/hours require direct confirmation."
"venue-52","Hashimoto Pottery Gallery","2026-10-10","2027-01-08","Within review interval","https://84mo10.com/access.html","Published hours","2026-10-10","Published official hours; reconfirm temporary changes before travel."
"venue-53","Marugo weekend seafood stall","","","Direct confirmation needed","https://seikyo-gourmet-research.info/shop/5/","Unconfirmed","2026-10-10","Undated promotional hours conflict with review listings; no current operator confirmation."
"venue-54","Malcove bakery","2026-10-10","2027-01-08","Within review interval","https://shiraoi.net/buy/malcove/","Published hours","2026-10-10","Published official hours; reconfirm temporary changes before travel."
"venue-55","Nachu no Mori shop","2026-10-10","2027-01-08","Within review interval","https://nachunomori.jp/shop","Published hours","2026-10-10","Published official hours; reconfirm temporary changes before travel."
"venue-56","Poroto Mintara","2026-10-10","2027-01-08","Within review interval","https://shiraoi.net/porotomintar/","Published hours","",""
"venue-57","Plat Minato Market","2026-10-10","2027-01-08","Within review interval","https://puratto.jp/","Published hours","",""
"venue-58","Seicomart Kojohama","2026-10-10","2027-01-08","Within review interval","https://store.seicomart.co.jp/detail.php?nbr=21351","Published hours","",""
"venue-59","FamilyMart Takeura","2026-10-10","2027-01-08","Within review interval","https://store.family.co.jp/points/25012","Published hours","",""
"venue-60","JCHO Noboribetsu Hospital","2026-10-06","2027-01-04","Within review interval","https://noboribetsu.jcho.go.jp/patient/outpatient/","Published hours","",""
"venue-61","Coop Paseo Shiraoi","2026-10-10","2027-01-08","Within review interval","https://map.sapporo.coop/store/detail/3244/","Published hours","",""
"venue-62","Lucky Mart Shiraoi","2026-10-10","2027-01-08","Within review interval","https://www.hokuyu-lucky.co.jp/post_shop/post_shop-5460/","Published hours","",""
"venue-63","Tsuruha Drug Shiraoi","2026-10-10","2027-01-08","Within review interval","https://shop.tsuruha-g.com/0144","Published hours","",""
"venue-64","Aeon Mall Tomakomai","2026-10-10","2027-01-08","Within review interval","https://tomakomai.aeonmallhokkaido.com/static-pages/hours","Published hours","",""
"venue-65","Co-op Sapporo Noboribetsu East","2026-10-10","2027-01-08","Within review interval","https://map.sapporo.coop/store/detail/0139/","Published hours","2026-10-10","Published official hours; reconfirm temporary changes before travel."
